{
	"class_name" : "PinholeCameraTrajectory",
	"extrinsic" : 
	[
		[
			-0.916167316, 
			-0.392541922, 
			-0.0801185459, 
			0.0, 
			0.0957805233, 
			-0.02204062401, 
			-0.995158689, 
			0.0, 
			0.389017009, 
			-0.919470264, 
			0.0563606449, 
			0, 
			-156.643836, 
			-65.1722438, 
			3.19796239, 
			1
		],
		[
			-0.877279346, 
			-0.484456493, 
			-0.0744844708, 
			0.0, 
			0.0978021093, 
			-0.025184407, 
			-0.994865803, 
			0.0, 
			0.480106214, 
			-1.13476629, 
			0.0695576164, 
			0, 
			-150.187414, 
			-80.4324709, 
			4.13336648, 
			1
		]	
	],

	"intrinsic" : 
	{
		"height" : 480,
		"intrinsic_matrix" : 
		[ 
			744.375, 
			0.0, 
			0.0, 
			0.0, 
			744.375, 
			0.0, 
			425.5,
			239.5, 
			1.0 
		],
		"width" : 852
	},
	"version_major" : 1,
	"version_minor" : 0
}